"Inoculation","n","mean","sd","se","median","q25","q75","iqr","min","max"
"Strl",30,0.848691333333333,0.404704380783983,0.0738885728255159,0.756135,0.543545,1.1667625,0.6232175,0.19561,1.6106
"Inoc",30,0.875942666666667,0.507510719967863,0.0926583565006954,0.865035,0.627395,0.9846075,0.3572125,0.04718,2.10802
