"term","df","sumsq","meansq","statistic","p.value"
"Inoculation",1,0.994985188506661,0.994985188506661,0.281438989993821,0.59820556124179
"Polyculture",1,3.48072566694001,3.48072566694001,0.984549245018846,0.326054049225876
"Water",2,329.871254651893,164.935627325947,46.6532737419749,5.57050855189164e-12
"Inoculation:Polyculture",1,0.211207680426661,0.211207680426661,0.0597416694689011,0.807946530059932
"Inoculation:Water",2,25.3852396062533,12.6926198031267,3.59020228545204,0.0352332389828541
"Polyculture:Water",2,18.01797243732,9.00898621865999,2.54825902087381,0.0887574244707373
"Inoculation:Polyculture:Water",2,32.7134240219735,16.3567120109867,4.62661812574419,0.0145408143607927
"Residuals",48,169.69677530952,3.535349485615,NA,NA
