"Water","estimate1","estimate2","statistic","p.value","conf.low","conf.high","method"
"Control",0.731405,1.371998,-4.50173745250239,0.000468435256723362,-0.945086253464681,-0.336099746535319,"Welch Two Sample t-test"
"Moderate",0.805119,1.311683,-4.65744302139758,0.000377082375869565,-0.740005459094378,-0.273122540905622,"Welch Two Sample t-test"
"Severe",0.268394,0.685303,-4.79153166870956,0.000185685197816642,-0.600959113417229,-0.232858886582771,"Welch Two Sample t-test"
