"term","df","sumsq","meansq","statistic","p.value"
"Inoculation",1,0.0254310714981493,0.0254310714981493,0.430830026966254,0.514782861003225
"Polyculture",1,1.19260689856826,1.19260689856826,20.2040587360897,4.53303471853659e-05
"Water",2,0.145203489101542,0.0726017445507709,1.22995256274915,0.301541857650664
"Inoculation:Polyculture",1,0.0342553136924805,0.0342553136924805,0.58032229286693,0.449991915065522
"Inoculation:Water",2,0.212747362298196,0.106373681149098,1.80208592159795,0.1761655961737
"Polyculture:Water",2,0.0362797512820512,0.0181398756410256,0.307309234381111,0.736889564936332
"Inoculation:Polyculture:Water",2,0.0670273000000001,0.03351365,0.567757702788432,0.570633734613249
"Residuals",47,2.77432,0.059028085106383,NA,NA
