"term","df","sumsq","meansq","statistic","p.value"
"Polyculture",1,7.66129768166765,7.66129768166765,22.8021742706452,1.79139335661368e-05
"Inoculation",1,0.939789764065338,0.939789764065338,2.79707836301198,0.101081284851515
"Water",2,2.93024977511962,1.46512488755981,4.36062327852614,0.0183151427100381
"Polyculture:Inoculation",1,0.0903539399551049,0.0903539399551049,0.268918709401624,0.606491082826565
"Polyculture:Water",2,0.922849969135808,0.461424984567904,1.37333038711229,0.263237166641499
"Inoculation:Water",2,0.237336966666663,0.118668483333332,0.353190745201639,0.704291517699099
"Polyculture:Inoculation:Water",2,0.785669700000002,0.392834850000001,1.16918687688076,0.319489171421309
"Residuals",47,15.79152,0.335989787234042,NA,NA
