"term","df","sumsq","meansq","statistic","p.value"
"Polyculture",1,3.80065562660819,3.80065562660819,58.7675692152441,8.06069952932196e-10
"Inoculation",1,0.00281582500988106,0.00281582500988106,0.0435396435308924,0.83561414322098
"Water",2,4.34460158439269,2.17230079219634,33.589161898274,8.73139388770189e-10
"Polyculture:Inoculation",1,0.00189398824572442,0.00189398824572442,0.0292857591580325,0.864855541914804
"Polyculture:Water",2,0.10557223699977,0.052786118499885,0.816204407162899,0.448274261912701
"Inoculation:Water",2,0.174603628844352,0.0873018144221759,1.34990273408439,0.26913146381559
"Polyculture:Inoculation:Water",2,0.3215487311627,0.16077436558135,2.48597073388912,0.0941303245095575
"Residuals",47,3.039615502835,0.064672670273085,NA,NA
