"term","df","sumsq","meansq","statistic","p.value"
"Polyculture",1,1.18625555425677,1.18625555425677,20.0964600514966,4.71479655540415e-05
"Inoculation",1,0.0317824158096392,0.0317824158096392,0.538428711559244,0.466729405070652
"Water",2,0.145203489101542,0.0726017445507709,1.22995256274915,0.301541857650664
"Polyculture:Inoculation",1,0.0342553136924802,0.0342553136924802,0.580322292866927,0.449991915065524
"Polyculture:Water",2,0.0410939007597342,0.0205469503798671,0.348087699996307,0.707841629196851
"Inoculation:Water",2,0.207933212820512,0.103966606410256,1.76130745598274,0.182971261827869
"Polyculture:Inoculation:Water",2,0.0670273000000003,0.0335136500000002,0.567757702788434,0.570633734613248
"Residuals",47,2.77432,0.059028085106383,NA,NA
