"term","df","sumsq","meansq","statistic","p.value"
"Polyculture",1,0.0222831170855248,0.0222831170855248,1.31764014294748,0.256825272655538
"Inoculation",1,8.79574498084291,8.79574498084291,520.107964671431,4.62087827132249e-27
"Water",2,0.119720535353535,0.0598602676767673,3.53964354967769,0.0369889626099811
"Polyculture:Inoculation",1,0.0128164090909088,0.0128164090909088,0.757856948011493,0.38842481520542
"Polyculture:Water",2,0.018001346153846,0.00900067307692302,0.532225725610199,0.590793750273138
"Inoculation:Water",2,0.00573245384615363,0.00286622692307681,0.169485069712092,0.84461293787289
"Polyculture:Inoculation:Water",2,0.207818699999998,0.103909349999999,6.14434373171786,0.00426050927575141
"Residuals",47,0.794835,0.0169113829787234,NA,NA
