"term","df","sumsq","meansq","statistic","p.value"
"Polyculture",1,0.016978478237772,0.016978478237772,10.5075384837845,0.00218831345233756
"Inoculation",1,0.00198577939830227,0.00198577939830227,1.22894720927036,0.273252537193878
"Water",2,0.0207459776810155,0.0103729888405078,6.41957293858186,0.00342880740821261
"Polyculture:Inoculation",1,0.000272080061233933,0.000272080061233933,0.168383271695447,0.683417311689422
"Polyculture:Water",2,0.000604686816639599,0.000302343408319799,0.187112469901527,0.829965218864855
"Inoculation:Water",2,0.00887692228082558,0.00443846114041279,2.74684813259149,0.0744357453575533
"Polyculture:Inoculation:Water",2,0.00693138382597352,0.00346569191298676,2.14482656446999,0.128410416814958
"Residuals",47,0.0759443782582155,0.00161583783528118,NA,NA
