"term","df","sumsq","meansq","statistic","p.value"
"Polyculture",1,0.0242389349113579,0.0242389349113579,5.67015105512952,0.0213590362844382
"Inoculation",1,0.0146644142415809,0.0146644142415809,3.43040831574635,0.0702928301319319
"Water",2,0.121612206567092,0.0608061032835461,14.2242137268976,1.47747500065581e-05
"Polyculture:Inoculation",1,0.00270596000454547,0.00270596000454547,0.632998192000682,0.430257684184308
"Polyculture:Water",2,0.00955680490384612,0.00477840245192306,1.11779926814809,0.335535092799957
"Inoculation:Water",2,0.0437835355961539,0.021891767798077,5.1210843518026,0.00972684058781894
"Polyculture:Inoculation:Water",2,0.03308859675,0.016544298375,3.87016472590249,0.0278019719137285
"Residuals",47,0.2009170355,0.00427483054255319,NA,NA
