"term","df","sumsq","meansq","statistic","p.value"
"Polyculture",1,0.021686405003117,0.021686405003117,7.23866599293888,0.00984793035270228
"Inoculation",1,0.0122101134827586,0.0122101134827586,4.07559174629752,0.049232415817052
"Water",2,0.0381359556090909,0.0190679778045454,6.36466590327154,0.0035800553252314
"Polyculture:Inoculation",1,0.00114286524584735,0.00114286524584735,0.381474928114544,0.539796141966804
"Polyculture:Water",2,0.00806154202967713,0.00403077101483857,1.34542378352899,0.270273929642265
"Inoculation:Water",2,0.0103858168120513,0.00519290840602564,1.73333152625995,0.187798367172079
"Polyculture:Inoculation:Water",2,0.01473099547,0.00736549773500002,2.4585161979475,0.0964979197856263
"Residuals",47,0.1408078555,0.00299591181914894,NA,NA
