"term","df","sumsq","meansq","statistic","p.value"
"Polyculture",1,7.01295010714955e-05,7.01295010714955e-05,0.042262951478428,0.838007203914929
"Inoculation",1,0.000110653483565239,0.000110653483565239,0.0666843872462328,0.797354404479985
"Water",2,0.0249414358653376,0.0124707179326688,7.51537282936359,0.00147243156885083
"Polyculture:Inoculation",1,0.000334542004545449,0.000334542004545449,0.201608913361386,0.655488901132302
"Polyculture:Water",2,8.86208653846173e-05,4.43104326923087e-05,0.0267033079980709,0.973664833655322
"Inoculation:Water",2,0.012786597821282,0.006393298910641,3.85286758809313,0.0282180812855897
"Polyculture:Inoculation:Water",2,0.00372450123000002,0.00186225061500001,1.12226960380312,0.334106425650695
"Residuals",47,0.0779899755,0.00165936118085106,NA,NA
