"term","df","sumsq","meansq","statistic","p.value"
"Polyculture",1,0.000693184805903308,0.000693184805903308,0.220580316948166,0.640769873958917
"Inoculation",1,0.00264183701904798,0.00264183701904798,0.84066650339749,0.363887186517018
"Water",2,0.11461123814798,0.0573056190739902,18.2353847207881,1.37480424556442e-06
"Polyculture:Inoculation",1,0.0150452443435067,0.0150452443435067,4.78759017449703,0.033671843700704
"Polyculture:Water",2,0.0116237277754799,0.00581186388773994,1.84940980745631,0.168597151060059
"Inoculation:Water",2,0.0557830232980425,0.0278915116490212,8.87543758505686,0.000537065256369913
"Polyculture:Inoculation:Water",2,0.0239867536662389,0.0119933768331194,3.81644669732893,0.0291156119626446
"Residuals",47,0.147699877886708,0.00314255059333421,NA,NA
