"term","df","sumsq","meansq","statistic","p.value"
"Polyculture",1,0.232716163058174,0.232716163058174,67.0878055667497,1.32448340564273e-10
"Inoculation",1,0.0415865689459744,0.0415865689459744,11.9886458034216,0.00115097162361337
"Water",2,0.0293637246750351,0.0146818623375175,4.23251188449226,0.0204102526502917
"Polyculture:Inoculation",1,0.00376244275376387,0.00376244275376387,1.08464330368595,0.302988924572809
"Polyculture:Water",2,0.0124132306477188,0.0062066153238594,1.78925346913098,0.178278324948464
"Inoculation:Water",2,0.00206165063185159,0.0010308253159258,0.297168049951158,0.74430466699849
"Polyculture:Inoculation:Water",2,0.03171395858997,0.015856979294985,4.57127657072963,0.0153438354004033
"Residuals",47,0.163034989314886,0.00346882955989119,NA,NA
