"term","df","sumsq","meansq","statistic","p.value"
"Polyculture",1,0.0486655055523086,0.0486655055523086,3.71685586297654,0.0599201212515658
"Inoculation",1,2.13363739463601,2.13363739463601,162.957778198662,6.92287838496945e-17
"Water",2,0.140019929292929,0.0700099646464646,5.34705115275738,0.00808558196802109
"Polyculture:Inoculation",1,0.0194614595959594,0.0194614595959594,1.48638012449234,0.22886246292016
"Polyculture:Water",2,0.0379435683760686,0.0189717841880343,1.44898088471775,0.245105875504656
"Inoculation:Water",2,0.0270631205128204,0.0135315602564102,1.03348066568832,0.36370922958377
"Polyculture:Inoculation:Water",2,0.00726969999999993,0.00363484999999996,0.277613750853129,0.758822964380824
"Residuals",47,0.61538,0.0130931914893617,NA,NA
