"term","df","sumsq","meansq","statistic","p.value"
"Inoculation",1,1.28188166666666,1.28188166666666,3.65175506483269,0.0619922332724746
"Polyculture",1,8.77837499999999,8.77837499999999,25.0073592600857,8.0414840959046e-06
"Water",2,3.22402333333333,1.61201166666667,4.59221152887441,0.0149666239142335
"Inoculation:Polyculture",1,0.0252149999999995,0.0252149999999995,0.0718311263466246,0.789837504168219
"Inoculation:Water",2,0.0997033333333326,0.0498516666666663,0.14201472801599,0.86797166598668
"Polyculture:Water",2,1.26927,0.634635000000001,1.80791381594253,0.174984752340182
"Inoculation:Polyculture:Water",2,0.647469999999999,0.323734999999999,0.92223873439718,0.404557778506255
"Residuals",48,16.84952,0.351031666666667,NA,NA
