"Water","Polyculture","n","mean","sd","se","median","q25","q75","iqr","min","max"
"Control","Mono",10,1.417,0.236692486854428,0.0748487363509454,1.5,1.405,1.5575,0.1525,0.94,1.66
"Control","Inter",10,2.551,0.759289872914891,0.240108540271085,2.32,2.075,3.28,1.205,1.4,3.65
"Moderate","Mono",10,1.646,0.302441913615013,0.0956405306923331,1.54,1.3875,1.9575,0.57,1.28,2.05
"Moderate","Inter",10,2.384,1.02671212020594,0.324674880115136,2.09,1.9125,2.4075,0.495,1.4,5.08
"Severe","Mono",10,1.297,0.43217923236649,0.136667073170127,1.37,0.8625,1.485,0.6225,0.82,1.94
"Severe","Inter",10,1.72,0.368088153692684,0.1163996945395,1.65,1.4575,2.0225,0.565,1.25,2.26
