"Water","Polyculture","n","mean","sd","se","median","q25","q75","iqr","min","max"
"Control","Mono",10,0.463,0.135076110232548,0.0427148165810829,0.475,0.44,0.5275,0.0875000000000001,0.2,0.7
"Control","Inter",9,0.806666666666667,0.29129023327259,0.0970967444241967,0.69,0.65,0.95,0.3,0.44,1.4
"Moderate","Mono",10,0.566,0.125715728707447,0.0397548040423349,0.545,0.4875,0.6175,0.13,0.39,0.78
"Moderate","Inter",10,0.86,0.352861319941859,0.111584546918967,0.785,0.5925,1.085,0.4925,0.44,1.45
"Severe","Mono",10,0.487,0.233906439035402,0.0739677106731189,0.445,0.335,0.595,0.26,0.21,0.95
"Severe","Inter",10,0.702,0.239527312290965,0.0757451868657893,0.595,0.545,0.91,0.365,0.36,1.05
