"Water","Polyculture","n","mean","sd","se","median","q25","q75","iqr","min","max"
"Control","Mono",10,0.731405,0.224127743745987,0.0708754157071877,0.752045,0.667835,0.8761675,0.2083325,0.19561,0.96039
"Control","Inter",10,1.371998,0.390201197184791,0.123392452882842,1.418155,1.1869275,1.580515,0.3935875,0.73841,2.10802
"Moderate","Mono",10,0.805119,0.164318947338536,0.0519622136311036,0.841385,0.7043725,0.8925075,0.188135,0.52612,1.02891
"Moderate","Inter",10,1.311683,0.302152664395188,0.0955490620577256,1.26859,1.137565,1.3929975,0.2554325,0.88373,1.95193
"Severe","Mono",10,0.268394,0.161863281623035,0.0511856639478065,0.251165,0.124845,0.4287925,0.3039475,0.04718,0.46695
"Severe","Inter",10,0.685303,0.2225014399479,0.070361133290254,0.771735,0.5780525,0.8339725,0.25592,0.2499,0.87956
