"Water","Polyculture","n","mean","sd","se","median","q25","q75","iqr","min","max"
"Control","Mono",10,8.776867,2.68952523604714,0.850502557041097,9.024525,8.0140575,10.5140075,2.49995,2.34734,11.52465
"Control","Inter",10,8.231979,2.34121456647067,0.740357052121099,8.50891,7.121565,9.4830875,2.3615225,4.43043,12.64813
"Moderate","Mono",10,9.661418,1.97182316893557,0.623545235692737,10.09661,8.452485,10.710065,2.25758,6.31343,12.34691
"Moderate","Inter",10,7.870096,1.81291572715336,0.573294290374499,7.61155,6.8253725,8.3579975,1.532625,5.30238,11.71158
"Severe","Mono",10,3.220741,1.94236701916016,0.614230383253801,3.014005,1.4980875,5.1455325,3.647445,0.56621,5.60344
"Severe","Inter",10,4.111809,1.33501102402814,0.42216755373627,4.630405,3.4683175,5.0038075,1.53549,1.49939,5.27738
